tconst,Name
tt1480055,Winter is Coming
tt1668746,The Kingsroad
tt1829962,Lord Snow
tt1829963,"Cripples, Bastards, and Broken Things"
tt1829964,The Wolf and The Lion
tt1837862,A Golden Crown
tt1837863,You Win or You Die
tt1837864,The Pointy End
tt1851398,Baelor
tt1851397,Fire and Blood
tt1971833,The North Remembers
tt2069318,Nightlands
tt2070135,What is Dead May Never Die
tt2069319,Garden of Bones
tt2074658,The Ghost of Harrenhal
tt2085238,The Old Gods and the New
tt2085239,A Man Without Honor
tt2085240,The Prince of Winterfell
tt2084342,Blackwater
tt2112510,Valar Morghulis
tt2178782,Valar Dohaeris
tt2178772,"Dark Wings, Dark Words"
tt2178802,Walk of Punishment
tt2178798,And Now His Watch Is Ended
tt2178788,Kissed by Fire
tt2178812,The Climb
tt2178814,The Bear and the Maiden Fair
tt2178806,Second Sons
tt2178784,The Rains of Castamere
tt2178796,Mhysa
tt2816136,The Swords
tt2832378,The Lion and the Rose
tt2972426,Breaker of Chains
tt2972428,Oathkeeper
tt3060856,First of His Name
tt3060910,The Laws of Gods and Men
tt3060876,Mockingbird
tt3060782,The Mountain and the Viper
tt3060858,The Watchers on the Wall
tt3060860,The Children
tt3658012,The Wars to Come
tt3846626,The House of Black and White
tt3866836,High Sparrow
tt3866838,Sons of the Harpy
tt3866840,Kill the Boy
tt3866842,"Unbowed, Unbent, Unbroken"
tt3866846,The Gift
tt3866850,Hardhome
tt3866826,The Dance of Dragons
tt3866862,Mother's Mercy
tt3658014,The Red Woman
tt4077554,Home
tt4131606,Oathbreaker
tt4283016,Book of the Stranger
tt4283028,The Door
tt4283054,Blood of my Blood
tt4283060,The Broken One
tt4283074,No One
tt4283088,Battle of the Bastards
tt4283094,The Winds of Winter
tt5654088,Dragonstone
tt5655178,Stormborn
tt5775840,The Queen's Justice
tt5775846,The Spoils of War
tt5775854,Eastwatch
tt5775864,Beyond the Wall
tt5775874,The Dragon and the Wolf
tt5924366,Winterfell
tt6027908,A Knight of the Seven Kingdoms
tt6027912,The Long Night
tt6027914,The Last of the Starks
tt6027916,The Bells
tt6027920,The Iron Throne